locus_tag,gene_name,ncrna,start,end,strand,read_count,ins_index,gene_length,ins_count,fcn
R7A2020_02075,R7A2020_02075,0,453625,456033,1,1,0.000488042947779405,2409,1,phenylalanine--tRNA ligase subunit beta
R7A2020_07960,ptsP,0,1618546,1620816,1,9,0.000517866390471258,2271,1,phosphoenolpyruvate--protein phosphotransferase
R7A2020_09610,gltB,0,1962690,1967435,1,3,0.000495662949194548,4746,2,glutamate synthase large subunit
R7A2020_09725,R7A2020_09725,0,1994951,1996822,1,13,0.000628140703517588,1872,1,DUF882 domain-containing protein
R7A2020_15385,R7A2020_15385,0,3141070,3142836,-1,4,0.000665335994677312,1767,1,AAA family ATPase
R7A2020_18375,clpA,0,3776542,3779010,1,7,0.000476190476190476,2469,1,ATP-dependent Clp protease ATP-binding subunit ClpA
R7A2020_24060,R7A2020_24060,0,4875049,4876797,-1,2,0.000672043010752688,1749,1,PAS domain-containing sensor histidine kinase
R7A2020_24785,dxs,0,5036412,5038325,-1,2,0.000614250614250614,1914,1,1-deoxy-D-xylulose-5-phosphate synthase
R7A2020_25310,R7A2020_25310,0,5138166,5140160,-1,4,0.000589275191514437,1995,1,methyltransferase domain-containing protein
